Datetime,High,Low,Close,Open,Volume,Adj Close
2021-08-05,1.0,0.9820716826832975,0.9745596639707015,1.0,0.24115560566354854,0.9648360473829181
2021-08-06,0.9523809523809523,0.952191280472103,0.9471624292623493,0.9558541233417555,0.06735177547869868,0.936707198270404
2021-08-09,0.9447619120279949,0.9601594003934192,0.9412916399106737,0.9424183899158736,0.03184964492410939,0.930679633638777
2021-08-10,0.9161904652913411,0.956175340432761,0.9471624292623493,0.9309020862037374,0.020678313797667033,0.936707198270404
2021-08-11,0.9123809451148623,0.906374543430794,0.902152639869942,0.9328215159174833,0.07523708529612154,0.8904952269331663
2021-08-12,0.881904783703032,0.8964143460354076,0.9197651945539969,0.9021112811616743,0.03820880576299262,0.9085782420754294
2021-08-13,0.8933333442324685,0.9183267233127682,0.9295499678928085,0.90403071087542,0.048350215834335304,0.9186242902106017
2021-08-16,0.9085714249383836,0.9023904834701358,0.9315068665718622,0.9021112811616743,0.029228320918537738,0.9206334784211441
2021-08-17,0.8838094983782088,0.8984064235094779,0.8923679598456447,0.8944337453535836,0.03999001589418039,0.8804490717155333
2021-08-18,0.8857143038795108,0.8904382086006796,0.8904109678520766,0.8752399058333566,0.01783269477070052,0.8784399905874516
2021-08-19,0.8723809378487724,0.8306773091908083,0.9138943118878071,0.8502878686953388,0.009352159559111416,0.9025505703613417
2021-08-20,0.8952381497337705,0.91235058587804,0.9236790852266188,0.8867562095454928,0.0036095619151023496,0.912596618496514
2021-08-23,0.9238095056442988,0.9482072205114448,0.9608610932737824,0.9155470145875562,0.011101611103199033,0.950771622826661
2021-08-24,0.961904798235212,0.9820716826832975,0.9765166559642695,0.9539346936280095,0.010916269973794204,0.9668452355934603
2021-08-25,0.9580952780587333,0.998008017513412,0.9941292106483244,0.9692898567676373,0.00877256534453353,0.9849282507357233
2021-08-26,0.9580952780587333,0.9661354428406651,0.9471624292623493,0.9731286246716826,0.015665171201114728,0.936707198270404
2021-08-27,0.9314285459972562,0.9701195028013233,0.9647749839464042,0.9366602838215285,0.01048678470605691,0.9547901063302064
2021-08-30,0.9390476771763392,0.9641434603540772,0.9491194212559173,0.9558541233417555,0.008216541956319042,0.9387163864809462
2021-08-31,0.9142857506161643,0.9482072205114448,0.9471624292623493,0.9366602838215285,0.005085591873374544,0.936707198270404
2021-09-01,0.9142857506161643,0.952191280472103,0.9412916399106737,0.9270633182996921,0.011944702345123542,0.930679633638777
2021-09-02,0.9028571900867279,0.9003984059960658,0.8884540691730229,0.9213052122053471,0.005191784648990697,0.8764306952944485
2021-09-03,0.8857143038795108,0.8924302860747496,0.9275929758992405,0.8771593355471026,0.005088817354876904,0.9166149949175986
2021-09-06,0.8895238240559895,0.9223107832734262,0.9138943118878071,0.8963531750673293,0.0,0.9025505703613417
2021-09-08,0.8723809378487724,0.8306773091908083,0.8356164984353722,0.8944337453535836,0.021329612947181997,0.8221819711150415
2021-09-09,0.8133333297002883,0.8167330518347639,0.8121330610851274,0.8176583872726764,0.009363324687388815,0.7980711771762301
2021-09-10,0.8266666957310267,0.8207171117954221,0.8297456157691825,0.8195777254629759,0.010547572626678305,0.8161541923184932
2021-09-13,0.8857143038795108,0.8904382086006796,0.9178082025604288,0.8598848342171754,0.01822446671625638,0.9065687326175049
2021-09-14,0.9580952780587333,0.9581673229193491,0.9647749839464042,0.9193857824916014,0.020037435434544313,0.9547901063302064
2021-09-15,0.9580952780587333,0.9741035627619813,0.9745596639707015,0.9539346936280095,0.013922914961916989,0.9648360473829181
2021-09-16,0.9409523918515159,0.9462151430373748,0.951076319934971,0.9462571578199188,0.011135850829916392,0.9407255746914887
2021-09-17,0.9314285459972562,0.9023904834701358,0.9745596639707015,0.9270633182996921,0.03561353372340157,0.9648360473829181
2021-09-20,0.9180952707926433,0.9223107832734262,0.9491194212559173,0.9059500490657195,0.018388470044953288,0.9387163864809462
2021-09-21,0.961904798235212,0.9681275203147354,0.9823875386304592,0.9462571578199188,0.02344205521726595,0.9728731214724695
2021-09-22,0.9695238385881697,0.998008017513412,0.9882583279821346,0.9712091949579369,0.021338296935842195,0.9789005790216356
2021-09-23,0.9657143184116908,0.9840637601573675,0.9726027652916478,0.9808061604797733,0.011629597613739162,0.9628269662548363
2021-09-24,0.9295238313220795,0.9442230655633047,0.9275929758992405,0.9443378196296193,0.008643794198400858,0.9166149949175986
2021-09-27,0.921904790969122,0.9302789031947424,0.9569472026011607,0.9078694787794654,0.011634808006935282,0.9467531393231157
2021-09-28,0.9085714249383836,0.9342629631554006,0.9158513038813751,0.9270633182996921,0.012723283957000859,0.9045598656543448
2021-09-29,0.9028571900867279,0.9163346458386982,0.8982387491973203,0.9174664443013019,0.01197943829976434,0.886476743429621
2021-09-30,0.9238095056442988,0.9203187057993562,0.9471624292623493,0.8886756392592385,0.03556887321029197,0.936707198270404
2021-10-01,0.9714285532633464,0.9820716826832975,1.0,0.9424183899158736,0.034422338593183915,0.990955922449811
2021-10-04,0.9676190330868675,0.950199202998033,0.9315068665718622,0.9846449283838186,0.02571601967642962,0.9206334784211441
2021-10-05,0.9276190258207775,0.9621513828800071,0.953033311928539,0.9347408541077828,0.027872626231699737,0.9427348699844917
2021-10-06,0.9047619047619047,0.9223107832734262,0.9256359839056725,0.9213052122053471,0.021639755399331977,0.917811748498637
2021-10-07,0.9485714322044736,0.952191280472103,0.953033311928539,0.9289827480134378,0.04164443979092926,0.9460050612525059
2021-10-08,0.9866667247953869,0.9701195028013233,0.9549902106075927,0.9462571578199188,0.046710678775289644,0.9480187469263988
2021-10-11,0.9333333514985585,0.952191280472103,0.9334638585654302,0.9462571578199188,0.021717415069350335,0.9258671336889719
2021-10-13,0.9085714249383836,0.952191280472103,0.937377749238052,0.9213052122053471,0.01610656593901458,0.9298947192016789
2021-10-14,0.9276190258207775,0.9581673229193491,0.9569472026011607,0.9213052122053471,0.02316838551748881,0.950032539682752
2021-10-15,0.921904790969122,0.9541832629586909,0.9471624292623493,0.940499051725574,0.08075886151419982,0.939963575900985
2021-10-18,0.9028571900867279,0.9382470231160586,0.9236790852266188,0.9232245503956469,0.014743179719363259,0.9157980628247442
2021-10-19,0.8857143038795108,0.8804781061927754,0.8669276238163461,0.90403071087542,0.02436230990128538,0.8573977516431133
2021-10-20,0.8552381424676805,0.868525926310801,0.8649706318227781,0.8694817997390119,0.011363619446775337,0.85538395888676
2021-10-21,0.8114286150251115,0.7848605721494993,0.8160469517577491,0.8234164933670214,0.026840720264906314,0.8050389258130035
2021-10-22,0.7714286077590216,0.7231075952655578,0.804305279739884,0.7811900464225225,0.04276442621413327,0.7929560621924223
2021-10-25,0.8190476553780692,0.8027888894662017,0.855185951798481,0.7984644562290035,0.024249914276626226,0.845314995104993
2021-10-26,0.817142849876767,0.8326692916773962,0.8454011784596693,0.8310940291751121,0.016911199516872494,0.8352459242407653
2021-10-27,0.8380952562604631,0.8565737464288269,0.855185951798481,0.8310940291751121,0.014940182204968927,0.845314995104993
2021-10-28,0.8514286222912015,0.8426294890727825,0.8845401785004012,0.8138196193686311,0.0164879170981782,0.8755219935327547
2021-10-29,0.8495238167898995,0.868525926310801,0.8845401785004012,0.8579654045034295,0.005636901096316351,0.8755219935327547
2021-11-01,0.8590476626441592,0.8924302860747496,0.8864970771794549,0.8598848342171754,0.008449024738450668,0.8775356792066473
2021-11-03,0.8857143038795108,0.8864541486400214,0.9080235225361317,0.8637236021212207,0.010066479654903253,0.8996877207739169
2021-11-04,0.8799999782017298,0.868525926310801,0.8786692958342115,0.8886756392592385,0.017450351155690023,0.8694806152636945
2021-11-05,0.8571428571428572,0.8904382086006796,0.8786692958342115,0.8675623700252659,0.003645290325590028,0.8694806152636945
2021-11-08,0.8533333369663783,0.8904382086006796,0.8825831865068332,0.8694817997390119,0.005566684845149596,0.8735080936939406
2021-11-09,0.881904783703032,0.8924302860747496,0.8747554051615898,0.8656430318349664,0.008738325617816171,0.865452922668527
2021-11-10,0.8476191021147228,0.8466135490334407,0.8297456157691825,0.8579654045034295,0.020890203120975902,0.8191354751074773
2021-11-11,0.8533333369663783,0.8605578063894849,0.8884540691730229,0.8310940291751121,0.017243672225577274,0.8795494719630008
2021-11-12,0.862857182820638,0.7988048295055435,0.8336595064418042,0.8848368713551933,0.046928522833679785,0.8231630606201841
2021-11-16,0.8057142893473308,0.7290836377128039,0.7358121463117462,0.8214971551767218,0.06399181620908663,0.7224729944726711
2021-11-17,0.7295237949916296,0.679282840710837,0.702544028937204,0.7293666339561871,0.056933470226076484,0.6882384105322024
2021-11-18,0.702857153756278,0.6952190805534691,0.7005871302581503,0.6967370610100785,0.03989970241211432,0.6862246177758491
2021-11-19,0.6914285932268416,0.6992032355016095,0.7181995916276911,0.6852207572979423,0.024092361910934036,0.7043488596654903
2021-11-22,0.7009524390811013,0.6733067982635909,0.6594912315383648,0.7005758289141237,0.017024587597378526,0.6439348628099668
2021-11-23,0.6514285859607516,0.6294820437088698,0.6673190128836084,0.650671754638088,0.018434371127871486,0.6519899267529197
2021-11-24,0.6342856997535342,0.6394422411042561,0.6477495595204996,0.633397344831607,0.016729331982931743,0.6318518921069249
2021-11-25,0.7104761941092355,0.6334661036695278,0.7475538183296113,0.6391554509259518,0.046872945306254514,0.7345558580932521
2021-11-26,0.702857153756278,0.683266900671495,0.7142857009550694,0.6583492904461787,0.01714417852692756,0.7003210599878622
2021-11-29,0.7142857142857142,0.7051792779488554,0.6908023569193389,0.7120921326262599,0.01527736907894639,0.6761556539940821
2021-11-30,0.6571429116385323,0.6314741211829399,0.6262231141638228,0.6660268262542695,0.02388915657628537,0.6097002788694983
2021-12-01,0.6628571464901878,0.6454182835515022,0.6320939035154982,0.6276391472138159,0.026889846829326873,0.6157416571385586
2021-12-02,0.6361905052548362,0.6215139237875537,0.6712329035562301,0.6295585769275616,0.041496563869744145,0.6560176193480873
2021-12-03,0.7009524390811013,0.6733067982635909,0.7358121463117462,0.6545105225421333,0.022066759527452073,0.7224729944726711
2021-12-06,0.7200000399634952,0.7131473978701716,0.6986301382645823,0.7312859721464866,0.010495220580755388,0.6842110391844172
2021-12-07,0.6857142675490606,0.6593625409075464,0.7162426929486374,0.7024951671044233,0.020473619779248046,0.702335066909137
2021-12-08,0.702857153756278,0.7071713554229256,0.7279843649665025,0.698656399200378,0.018731611654012027,0.7144178234472573
2021-12-09,0.7238095601399739,0.7191235353048998,0.7162426929486374,0.6948176312963328,0.018736325819284708,0.702335066909137
2021-12-10,0.7523810068766277,0.7330676976734621,0.7632093810200984,0.7082533647222145,0.017583588353133655,0.7506662001440794
2021-12-13,0.7638095674060641,0.7749003747541129,0.7749510530379635,0.746641043762668,0.016402069667423084,0.7627490637646606
2021-12-14,0.7600000472295851,0.7749003747541129,0.7651663730136664,0.7581573474748042,0.012372202701167078,0.7526800999828935
2021-12-15,0.742857161022368,0.7529880924642346,0.7710371623653418,0.7543185795707588,0.007783334979155946,0.7587214782519538
2021-12-16,0.7485714867001487,0.7569721524248926,0.753424700995801,0.7619961153788495,0.018816714742881983,0.7405972363623123
2021-12-17,0.70476195925758,0.7330676976734621,0.7181995916276911,0.7197696684343506,0.12033378275042267,0.7043488596654903
2021-12-20,0.6685714721679688,0.6673306608288626,0.6966732395855286,0.6890595252019878,0.01682014169292126,0.6821969251806814
2021-12-21,0.6780952271961032,0.683266900671495,0.6829745755740952,0.6871400954882421,0.00842446145624039,0.668100268803747
2021-12-22,0.6457142602829706,0.6593625409075464,0.6673190128836084,0.662188058350224,0.007431261267475287,0.6519899267529197
2021-12-23,0.6457142602829706,0.6713147207895208,0.6771036929079055,0.6487524164477885,0.0037715803321055003,0.6620588905346867
2021-12-27,0.6800000326974052,0.681274918184907,0.7162426929486374,0.6602687201599244,0.007044203487192109,0.702335066909137
2021-12-28,0.70476195925758,0.7211155177914877,0.7416830289779359,0.6967370610100785,0.0067620979127164865,0.728514479824192
2021-12-29,0.7123809996105375,0.727091655226216,0.7338552476326923,0.7197696684343506,0.009280454624174338,0.7204593087987783
2021-12-30,0.782857168288458,0.7370517576341201,0.8199608424303708,0.7197696684343506,0.05320009944407586,0.8090664042432496
2022-01-03,0.7904762086414157,0.7928286920708155,0.7847358263767752,0.8003838859427492,0.01438415881675444,0.7728180275464276
2022-01-04,0.7619047619047619,0.7788844347147711,0.7964774983946403,0.7658349748063411,0.022227785488608345,0.7849008911670088
2022-01-05,0.7523810068766277,0.7051792779488554,0.6908023569193389,0.7696737427103864,0.013767843735841997,0.6761556539940821
2022-01-06,0.6666666666666667,0.6454182835515022,0.6457925675269316,0.6775432214898516,0.01680401428540946,0.6341109036983337
2022-01-07,0.6857142675490606,0.6613546183816165,0.6966732395855286,0.6410748806396978,0.023091222075393894,0.686669652482613
2022-01-10,0.6533333914620536,0.6533864984603003,0.6731898022352838,0.6583492904461787,0.02381695541342485,0.6624116201603079
2022-01-11,0.6761905125209264,0.679282840710837,0.7123288022760157,0.650671754638088,0.009355881268537213,0.7028415669483559
2022-01-12,0.737142835344587,0.725099577752146,0.757338591668423,0.7024951671044233,0.018417747492436246,0.7493355934871375
2022-01-13,0.7352381206694103,0.7549800749508225,0.753424700995801,0.7236084363383959,0.006783931941347844,0.7452926951825474
2022-01-14,0.7333333151681083,0.7490040325035764,0.7690802636862881,0.7370441697642778,0.007670443126573352,0.7614645025658295
2022-01-17,0.7600000472295851,0.7749003747541129,0.7671232716927201,0.7428022758586228,0.0036805225081542655,0.7594431069547649
2022-01-18,0.7409523555210658,0.7589641349114807,0.7671232716927201,0.7485604734764137,0.005459747727648282,0.7594431069547649
2022-01-19,0.7866666884649367,0.7888446321101573,0.804305279739884,0.7562380092845045,0.027307670740863325,0.7978511227194447
2022-01-20,0.8057142893473308,0.8167330518347639,0.8180039437513171,0.7869481525168673,0.019077730630611408,0.8120017486565836
2022-01-21,0.7733333224341983,0.7828684946754291,0.7769080450315315,0.7927063501346585,0.014776426990233738,0.7695505133399314
2022-01-24,0.7314286004929316,0.7529880924642346,0.7612524823410447,0.746641043762668,0.017063541489368565,0.7533787059566492
2022-01-25,0.7485714867001487,0.7569721524248926,0.7710371623653418,0.7312859721464866,0.015984990097771788,0.7634861123418157
2022-01-26,0.7714286077590216,0.7848605721494993,0.7749510530379635,0.7754318488047314,0.02470123357299488,0.7675291177288666
2022-01-27,0.7866666884649367,0.7928286920708155,0.7808219357041535,0.7715930809006859,0.01698786673104397,0.7735936258094429
2022-01-28,0.782857168288458,0.7888446321101573,0.806262271733452,0.7562380092845045,0.03451835869636955,0.7998728395778916
2022-01-31,0.7961905343191964,0.8027888894662017,0.8140900530786954,0.7773512785184771,0.01454022249867631,0.8079586361870719
2022-02-01,0.7961905343191964,0.7948206745574035,0.8101761624060737,0.8119001896548852,0.015869368991610275,0.8039158449649424
2022-02-02,0.8152381352015905,0.8207171117954221,0.8082191704125057,0.8023032241330488,0.017750569049371206,0.8018942351889564
2022-02-03,0.7961905343191964,0.8127489918741059,0.8219178344239388,0.7927063501346585,0.016712708347496507,0.8160447540436344
2022-02-04,0.8019047691708518,0.8167330518347639,0.806262271733452,0.8023032241330488,0.016944446787742973,0.7998728395778916
2022-02-07,0.7923810141427177,0.7988048295055435,0.7847358263767752,0.7984644562290035,0.013706807701258882,0.7776365241140331
2022-02-08,0.7752381279355003,0.7828684946754291,0.7964774983946403,0.7715930809006859,0.020137921589040906,0.7897654331927251
2022-02-09,0.7847618829636347,0.8067729494268597,0.800391389067262,0.7792706167087766,0.017896460058862557,0.7938083314973152
2022-02-10,0.7847618829636347,0.8007968119921315,0.8160469517577491,0.7927063501346585,0.019881371752622442,0.8099802459630581
2022-02-11,0.7923810141427177,0.8067729494268597,0.800391389067262,0.8042226538467945,0.015747545036405762,0.7938083314973152
2022-02-14,0.7904762086414157,0.8187251293088339,0.8140900530786954,0.7850288143265678,0.027356549191322164,0.8079586361870719
2022-02-15,0.8000000544956751,0.7908366145967453,0.8140900530786954,0.8214971551767218,0.039132037814552684,0.8079586361870719
2022-02-16,0.8000000544956751,0.8207171117954221,0.8160469517577491,0.8003838859427492,0.0257430640982571,0.8099802459630581
2022-02-17,0.7847618829636347,0.7888446321101573,0.7886497170493969,0.8042226538467945,0.03601920005081374,0.7816794224186232
2022-02-18,0.7580952417282831,0.7430278950688484,0.753424700995801,0.7754318488047314,0.027783057091518824,0.7452926951825474
2022-02-21,0.7238095601399739,0.6912350205928112,0.6868884662467172,0.7428022758586228,0.017547859942645978,0.6765620319325252
2022-02-22,0.6761905125209264,0.6693227383029327,0.6634051222109867,0.6833013275841966,0.014121654245254696,0.652304320857602
2022-02-23,0.6476190657842726,0.6673306608288626,0.6653620208900404,0.6583492904461787,0.02262352725755172,0.654325609386206
2022-02-24,0.6552381061372303,0.6235060012616237,0.6868884662467172,0.6295585769275616,0.024073753363805038,0.6765620319325252
2022-02-25,0.6609524318150111,0.6713147207895208,0.6751467942288518,0.6698656856817611,0.012754546316177576,0.6644333370187547
2022-03-02,0.7009524390811013,0.681274918184907,0.7299412636455564,0.6679462559680152,0.013337862240181263,0.7210347699427029
2022-03-03,0.742857161022368,0.7470119550295063,0.7632093810200984,0.7159309005303052,0.04069912559677611,0.7553999944852532
2022-03-04,0.7409523555210658,0.7589641349114807,0.7729941543589098,0.7504798116667135,0.01906135510913789,0.7655076150353413
2022-03-07,0.7523810068766277,0.7649402723462088,0.7671232716927201,0.7523992413804592,0.02673551994513704,0.7594431069547649
2022-03-08,0.7523810068766277,0.768924332306867,0.7906067090429649,0.7543185795707588,0.009706466296447554,0.7837009251121487
2022-03-09,0.777142842610677,0.7988048295055435,0.8140900530786954,0.7735125106144318,0.018423702227517526,0.8079586361870719
2022-03-10,0.8038095746721541,0.7988048295055435,0.8140900530786954,0.7811900464225225,0.0336462381209238,0.8079586361870719
2022-03-11,0.8361904507591611,0.7928286920708155,0.7925636077220186,0.796545118038704,0.03736174469768058,0.7857225348881349
2022-03-14,0.780952362787156,0.7908366145967453,0.7906067090429649,0.7773512785184771,0.015015112621408363,0.7837009251121487
2022-03-15,0.7733333224341983,0.7868525546360873,0.804305279739884,0.7562380092845045,0.01048653659209519,0.7978511227194447
2022-03-16,0.7904762086414157,0.7908366145967453,0.7984344903882084,0.8003838859427492,0.022540409080375527,0.7917870429687113
2022-03-17,0.8247618902297247,0.7948206745574035,0.8571428504775347,0.7773512785184771,0.020711064840614073,0.8524314812797102
2022-03-18,0.8838094983782088,0.8745019687580472,0.9256359839056725,0.8387715649832028,0.03983792203564604,0.9231834330583366
2022-03-21,0.9142857506161643,0.9043824659567238,0.90410963186351,0.9021112811616743,0.03306788447615452,0.9009471175944781
2022-03-22,0.9066667102632069,0.9163346458386982,0.9471624292623493,0.8790786737374021,0.019971685234688515,0.9454198556046558
2022-03-23,0.9123809451148623,0.9442230655633047,0.9491194212559173,0.9193857824916014,0.016209533233128376,0.9474412512157204
2022-03-24,0.9333333514985585,0.956175340432761,0.9569472026011607,0.9270633182996921,0.024622333333167924,0.9555272619898223
2022-03-25,0.9504762377057756,0.952191280472103,0.9804305466368912,0.9366602838215285,0.03391668233919859,0.9797850801472061
2022-03-28,0.9676190330868675,0.9780876227226395,1.0,0.9558541233417555,0.022697961446067717,1.0
2022-03-29,0.9790475936163039,0.9860557426439557,0.9941292106483244,0.9654510888635919,0.040805566486353986,0.9939354919194237
2022-03-30,0.9733333587646484,0.9999999999999999,0.9921722186547566,0.9808061604797733,0.022437441786261732,0.9919138821434375
2022-03-31,0.9542857578822546,0.9402390056026465,0.9334638585654302,0.9712091949579369,0.028080545731621085,0.9312695509148992
2022-04-01,0.9047619047619047,0.8824700886793634,0.9119374132087534,0.9174664443013019,0.042837619832840665,0.9090330212861193
2022-04-04,0.8914286295572917,0.910358603391452,0.9275929758992405,0.8963531750673293,0.029003033441295987,0.9252050428343228
2022-04-05,0.9104762304396856,0.9322708856813305,0.9471624292623493,0.9117082466835107,0.013169889088096833,0.9454198556046558
2022-04-06,0.91999998546782,0.9243027657600144,0.953033311928539,0.9097889084932111,0.020711561068537512,0.9571419584150618
2022-04-07,0.91999998546782,0.9402390056026465,0.9334638585654302,0.9270633182996921,0.0212440136303886,0.9368475833764116
2022-04-08,0.9047619047619047,0.9243027657600144,0.9178082025604288,0.9078694787794654,0.02249897404876829,0.9206121690114601
2022-04-11,0.881904783703032,0.8984064235094779,0.9080235225361317,0.8829174416414474,0.008191482446185321,0.9104651421158263
2022-04-12,0.9123809451148623,0.9262948432340844,0.9236790852266188,0.8982725132576288,0.03459825139204339,0.9267005564807778
2022-04-13,0.9047619047619047,0.9322708856813305,0.9432485385897273,0.9136276763972564,0.010356524876153916,0.9469946102720457
2022-04-14,0.9104762304396856,0.9442230655633047,0.9471624292623493,0.9213052122053471,0.008169400303592245,0.9510535709457442
2022-04-18,0.91999998546782,0.9362549456419885,0.953033311928539,0.9251439801093926,0.01323266192041199,0.9571419584150618
2022-04-19,0.9238095056442988,0.9342629631554006,0.9178082025604288,0.9347408541077828,0.02730543771520785,0.9206121690114601
2022-04-20,0.8952381497337705,0.9183267233127682,0.9217220932330508,0.8982725132576288,0.015488762174331816,0.924671022602698
2022-04-22,0.8761904580252511,0.8904382086006796,0.90410963186351,0.8867562095454928,0.020524979369324084,0.9064062885245883
2022-04-25,0.9009523845854259,0.9023904834701358,0.937377749238052,0.8675623700252659,0.01907078343968325,0.9409065440501103
2022-04-26,0.9066667102632069,0.9203187057993562,0.9315068665718622,0.9097889084932111,0.018698860611064988,0.9348182636632534
2022-04-27,0.9123809451148623,0.9402390056026465,0.9491194212559173,0.9193857824916014,0.024074001477766758,0.9530828906589024
2022-04-28,0.921904790969122,0.9422310830767168,0.9647749839464042,0.9289827480134378,0.019940422875511798,0.9693184121063145
2022-04-29,0.9314285459972562,0.908366525917382,0.9080235225361317,0.9462571578199188,0.05042841837770191,0.9104651421158263
2022-05-02,0.8761904580252511,0.8366533516380544,0.8473581704532374,0.8886756392592385,0.026672498998860164,0.8475531256165607
2022-05-03,0.8152381352015905,0.7211155177914877,0.7710371623653418,0.8368522267929033,0.08645903167075476,0.7684056947523437
2022-05-04,0.7314286004929316,0.7171314578308298,0.7416830289779359,0.7523992413804592,0.0426257305095318,0.7379643999005203
2022-05-05,0.702857153756278,0.6533864984603003,0.6438356688478779,0.7236084363383959,0.03773614866591604,0.6364933813669558
2022-05-06,0.6361905052548362,0.6394422411042561,0.6457925675269316,0.6353166830219066,0.03182011936266471,0.6385225939976533
2022-05-09,0.6076190585181827,0.54382470706098,0.5733855434261721,0.6276391472138159,0.04884594752985184,0.5634341238071348
2022-05-10,0.560000010899135,0.5737052042596565,0.5753424421052258,0.5681381989393897,0.020273888040063456,0.5654633364378323
2022-05-11,0.5561904907226562,0.5557768869429541,0.5772994340987938,0.5642994310353444,0.03889608143695698,0.5674929773983728
2022-05-12,0.5809524172828311,0.5697211442989986,0.6105675514733357,0.5527831273232082,0.029018664620884347,0.601993018758973
2022-05-13,0.5790476117815291,0.5617530243776824,0.5694716527535504,0.5988483421717525,0.12325805390325441,0.5593751631334363
2022-05-16,0.5961904979887462,0.5677290668249285,0.6301370048364445,0.5566218952272537,0.06882011390415756,0.6222872867151625
2022-05-17,0.6609524318150111,0.643426301064914,0.6575342395447967,0.6314779151178611,0.09731922788920025,0.6506991547713668
2022-05-18,0.6457142602829706,0.6474103610255723,0.6457925675269316,0.6391554509259518,0.040008872555271115,0.6385225939976533
2022-05-19,0.6609524318150111,0.6474103610255723,0.6673190128836084,0.6391554509259518,0.02624797601035727,0.6608465029143831
2022-05-20,0.6476190657842726,0.6314741211829399,0.6418786768543099,0.662188058350224,0.02199034042724232,0.6344637404064153
2022-05-23,0.6438095456077939,0.643426301064914,0.6614481302174187,0.6372361127356523,0.024289860624463144,0.6547581154450655
2022-05-24,0.66476195199149,0.6613546183816165,0.6908023569193389,0.6372361127356523,0.018244315833193976,0.6851994102968888
2022-05-25,0.6914285932268416,0.6952190805534691,0.7162426929486374,0.6737044535858063,0.02005877323525223,0.7115818515574741
2022-05-26,0.7600000472295851,0.7330676976734621,0.7671232716927201,0.7024951671044233,0.03256917541309735,0.7643468411611058
2022-05-27,0.7466666811988467,0.7569721524248926,0.7455969196505576,0.7543185795707588,0.02418217916507667,0.7420230393268368
2022-05-30,0.7657142820812406,0.7410358175947783,0.7886497170493969,0.740882937668323,0.01457198108577647,0.7866704288304533
2022-05-31,0.7695238022577195,0.772908392267525,0.757338591668423,0.7773512785184771,0.030461943536209502,0.7541996001005504
2022-06-01,0.739047640845889,0.7609562123855508,0.7690802636862881,0.7485604734764137,0.018451739105191885,0.7663761608742641
2022-06-02,0.7619047619047619,0.7828684946754291,0.7906067090429649,0.7600767771885499,0.03103607924362955,0.7886999627085329
2022-06-03,0.7504762013753254,0.7709163147934549,0.7690802636862881,0.7658349748063411,0.01903505502919557,0.7663761608742641
2022-06-06,0.742857161022368,0.725099577752146,0.7240704742938808,0.7639155450925952,0.020323014604484015,0.71969955873995
2022-06-07,0.6857142675490606,0.6673306608288626,0.6614481302174187,0.7024951671044233,0.04274234407154019,0.6547581154450655
2022-06-08,0.6228571392240978,0.6215139237875537,0.6379647861816882,0.6410748806396978,0.030622225155480614,0.630405100980099
2022-06-09,0.6209524245489211,0.6274900612222819,0.6164383408250114,0.6161228435016799,0.016935266571159333,0.6080811920633693
2022-06-10,0.5752380916050501,0.5976095640236051,0.5988258794554706,0.5930902360774077,0.007770681167108227,0.5898165650677203
2022-06-13,0.5523809705461775,0.5597609469036123,0.5616438714083067,0.5623800013215985,0.015023796610068564,0.5512575630334211
2022-06-14,0.5447619301932198,0.547808767021638,0.5381605273725762,0.5527831273232082,0.0202594974302837,0.5269046556509154
2022-06-15,0.5466666448683966,0.5537849044563662,0.5596868794147387,0.5431861618013718,0.022765944671578994,0.5492281362378022
2022-06-17,0.520000003633045,0.5159362873363733,0.5518590980694953,0.5355086259932811,0.022918286644075064,0.5411105361377873
2022-06-20,0.5466666448683966,0.547808767021638,0.5518590980694953,0.5393473938973266,0.015350810811615503,0.5411105361377873
2022-06-21,0.5352380843389601,0.5458166895475679,0.5440313167242519,0.547024929705417,0.014284913232066446,0.5329927218728507
2022-06-22,0.521904809134347,0.5358565871396638,0.5342465433854404,0.5297505198989361,0.01682088603480642,0.5228455878947562
2022-06-23,0.5180952889578683,0.5059760899409871,0.4951076366592228,0.5278310901851904,0.015891203020241634,0.48225705198237745
2022-06-24,0.47999999636695495,0.4980079700196709,0.4931507379801691,0.49520151723908173,0.01559842854541205,0.4802278393516799
2022-06-27,0.47999999636695495,0.500000047493741,0.49706462865279083,0.48560464324069147,0.02198909985743372,0.4842868000253785
2022-06-28,0.5085714431036086,0.5119522273757152,0.5009785193254126,0.49520151723908173,0.01816491936544358,0.48834554653415563
2022-06-29,0.4838095165434337,0.501992029980329,0.49706462865279083,0.4932821790487822,0.01370928884087608,0.4842868000253785
2022-06-30,0.45904768080938424,0.4581673704130901,0.45596872993300536,0.47792710743260075,0.012572678782236828,0.4416689443998416
2022-07-01,0.44761902945382254,0.45219123297836195,0.4422700659215721,0.4318618010606103,0.027775861786628938,0.42746284974804827
2022-07-04,0.44952383495512455,0.44820717301770385,0.4461839565941938,0.4337812307743561,0.008309088464040597,0.4315217033392862
2022-07-05,0.420952388218471,0.4243028132537553,0.4442270579151401,0.439539336868701,0.019474216741439943,0.4294922765436673
2022-07-06,0.41904767354329425,0.3984063760157367,0.41682972989227357,0.4337812307743561,0.025477582159216715,0.40108030140500217
2022-07-07,0.43809527442568824,0.43027885570100144,0.4481409485877618,0.4107485318266378,0.02077557447066127,0.4335512372173659
2022-07-08,0.4361904689243861,0.4282868732144134,0.4187867218858416,0.4337812307743561,0.01338946994421902,0.4031097817418514
2022-07-11,0.38666670663016184,0.37450201625178825,0.3718199404998663,0.40307099601854707,0.028798091308915284,0.3544036457294577
2022-07-12,0.34476189386276973,0.35258963897442774,0.34442270579151396,0.3608445490740481,0.032545604586733945,0.3259917776732534
2022-07-13,0.34857141403924846,0.3286852792104792,0.36790604982724445,0.33781194164977607,0.03292770008778272,0.35034484567945023
2022-07-14,0.37714286077590214,0.3685258788170601,0.3972602765291648,0.3589251193603024,0.020147101805624547,0.38078624761373425
2022-07-15,0.39809526715959814,0.39641429854166665,0.4227006125584633,0.38963535411611144,0.008006885658665655,0.407168581791859
2022-07-18,0.4266667138962518,0.40836657341112303,0.3992172685227328,0.42418426525251957,0.008330426264748513,0.38281551378566214
2022-07-19,0.3942857469831194,0.40836657341112303,0.4050880578744083,0.391554692306411,0.008971056513909517,0.3889037406312885
2022-07-20,0.4133333478655134,0.4023904359763948,0.43639918325538224,0.38963535411611144,0.023241827250157925,0.42137446227873077
2022-07-21,0.4133333478655134,0.4322709331750715,0.4285714019101388,0.4318618010606103,0.012415870758429797,0.4132568621787158
2022-07-22,0.40761902218773244,0.38844617862035047,0.3796477218451097,0.4261036034428192,0.012112923611169692,0.36252135291193344
2022-07-25,0.361904780069987,0.3685258788170601,0.3698630418208125,0.37619962069022955,0.021982648894428997,0.3523742189338388
2022-07-26,0.36761910574776785,0.3725099387777182,0.3737769324934343,0.3627638872643478,0.0072938061326824144,0.3564331796075374
2022-07-27,0.40761902218773244,0.3844621186596924,0.43639918325538224,0.3704414230724385,0.0174538247511541,0.42137446227873077
2022-07-28,0.422857193719773,0.42231073577968525,0.43639918325538224,0.4318618010606103,0.004912160214132274,0.42137446227873077
2022-07-29,0.4266667138962518,0.4282868732144134,0.4207436205648953,0.4318618010606103,0.01746771913301042,0.40513920853747043
2022-08-01,0.4057143075125557,0.41832667581902716,0.4207436205648953,0.42226483553877386,0.014991045567121525,0.40513920853747043
2022-08-02,0.4323809487479073,0.4243028132537553,0.45988262060562707,0.4107485318266378,0.027865679040771574,0.44572769090861875
2022-08-03,0.4876190367199125,0.47410361025572245,0.4990215273318445,0.4529750702945829,0.017605670495726734,0.48631601265607605
2022-08-04,0.5771428971063524,0.5199203472970314,0.5459883087178199,0.49712094695282755,0.038586187098768716,0.5350222557509305
2022-08-05,0.5238095238095237,0.501992029980329,0.508806300670656,0.5431861618013718,0.02349564783299747,0.49646336079909215
2022-08-08,0.5161904834565663,0.5258963897442775,0.5264187620401968,0.5105565888552632,0.01148569151594157,0.5147278807122804
2022-08-09,0.5314285641624814,0.5278884672183476,0.5205479726885214,0.5239923222811451,0.018762129671303585,0.5086397074078843
2022-08-10,0.5580952962239583,0.5418326295869098,0.5655577620809285,0.518234124663354,0.01833562177110693,0.5553163095421982
2022-08-11,0.5542857760474795,0.5159362873363733,0.5127201913432777,0.5585412334175532,0.024385880727648777,0.5005218931429478
2022-08-12,0.5561904907226562,0.5577689644170242,0.5890411061166589,0.5508636976094625,0.03366509478201452,0.5796694310896255
2022-08-15,0.5638095310756139,0.5717131267855865,0.5772994340987938,0.5642994310353444,0.021328124263411675,0.5674929773983728
2022-08-16,0.5580952962239583,0.5717131267855865,0.5733855434261721,0.5719769668434351,0.010171679974672526,0.5634341238071348
2022-08-17,0.5733333769298736,0.5717131267855865,0.590998098110227,0.5547024655135078,0.0635630752832345,0.5816989649677051
2022-08-18,0.560000010899135,0.5617530243776824,0.5538160900630633,0.5642994310353444,0.01769350283817561,0.5431398558509455
2022-08-19,0.521904809134347,0.49601589254560086,0.506849308677088,0.5393473938973266,0.0399180628452816,0.4944337198385518
2022-08-22,0.4857143220447358,0.48605579013769673,0.506849308677088,0.4913627493350364,0.020283564484570537,0.4944337198385518
2022-08-23,0.5085714431036086,0.5159362873363733,0.5401174260516302,0.4932821790487822,0.011608259813031242,0.5289338682816129
2022-08-24,0.5371428898402621,0.5418326295869098,0.5538160900630633,0.5239923222811451,0.01043790625559807,0.5431398558509455
2022-08-25,0.5371428898402621,0.547808767021638,0.5420744180451982,0.5527831273232082,0.006154963048387681,0.5309632950772318
2022-08-26,0.520000003633045,0.5119522273757152,0.506849308677088,0.5316698580892358,0.01249973327749115,0.4944337198385518
2022-08-29,0.5104762486049106,0.5059760899409871,0.5362035353790082,0.48560464324069147,0.015422763860514301,0.5248750146903751
2022-08-30,0.5104762486049106,0.5219123297836195,0.5166340820158997,0.5278310901851904,0.015316074856974705,0.5045807467341857
2022-08-31,0.5009524027506509,0.5099601499016452,0.5048924099980343,0.5086372506649637,0.016674995025315067,0.49240429304293276
2022-09-01,0.49904759724934894,0.48605579013769673,0.4911937459866011,0.500959714856873,0.028216015954720192,0.47819862672098246
2022-09-02,0.4838095165434337,0.4681274728209942,0.45792562861205904,0.49520151723908173,0.16850883012778364,0.44369815703053905
2022-09-05,0.4552380698067801,0.4721115327816523,0.46183951928468076,0.4529750702945829,0.01476253260837742,0.44775711770423765
2022-09-06,0.4457143147786458,0.43426291566165953,0.426614503231085,0.45681383819862825,0.03214241939893897,0.4112275424655576
2022-09-08,0.40952382768903456,0.41434261585836907,0.41682972989227357,0.42418426525251957,0.020369163801363933,0.40108030140500217
2022-09-09,0.41714286804199213,0.4203187532930972,0.41682972989227357,0.41458729973068315,0.034472705727413074,0.40108030140500217
2022-09-12,0.4057143075125557,0.410358555897711,0.4050880578744083,0.41650672944442896,0.034944866596566204,0.3889037406312885
2022-09-13,0.382857186453683,0.37450201625178825,0.3698630418208125,0.3992322281145017,0.04909827942892106,0.3523742189338388
2022-09-14,0.36952382042294457,0.37450201625178825,0.3796477218451097,0.3627638872643478,0.029487600008535123,0.36252135291193344
2022-09-15,0.35619045439220604,0.364541818856402,0.3816047138386777,0.3704414230724385,0.02744835135715856,0.364550726166322
2022-09-16,0.3847619011288597,0.37051795629113016,0.3972602765291648,0.3608445490740481,0.0450540218528853,0.38078624761373425
2022-09-19,0.40952382768903456,0.40039845348980685,0.43444228457632855,0.38963535411611144,0.018088996493157265,0.41934514256557254
2022-09-20,0.4361904689243861,0.4282868732144134,0.4285714019101388,0.42418426525251957,0.02243396819079765,0.4132568621787158
2022-09-21,0.4152381533668154,0.40836657341112303,0.41095894054059806,0.4203454973484742,0.04123976591936396,0.39499212810060613
2022-09-22,0.42857142857142855,0.4243028132537553,0.4481409485877618,0.4126679615403836,0.029611905103356834,0.4335512372173659
2022-09-23,0.4057143075125557,0.41235063337178113,0.41682972989227357,0.4184260676347285,0.03106089063980155,0.40108030140500217
2022-09-26,0.3942857469831194,0.40039845348980685,0.3972602765291648,0.4049904257322929,0.020008902328946514,0.38078624761373425
2022-09-27,0.39047622680664057,0.38645419613376253,0.377690823166056,0.391554692306411,0.02331750200848252,0.36049208674000566
2022-09-28,0.35809525989350816,0.3764939987383762,0.36790604982724445,0.3723608527861842,0.023557180095504025,0.35034484567945023
2022-09-29,0.34666669936407174,0.36055775889574393,0.3698630418208125,0.3531670132659574,0.02661245542012393,0.3523742189338388
2022-09-30,0.363809585571289,0.3685258788170601,0.377690823166056,0.3531670132659574,0.025241377667659288,0.36049208674000566
2022-10-03,0.38857142130533845,0.3944223160550787,0.41682972989227357,0.3800383885942749,0.031047244371906948,0.4078493585359043
2022-10-04,0.4133333478655134,0.4163346933324391,0.4148728312132198,0.41458729973068315,0.02421319341029167,0.40580467248963237
2022-10-05,0.39619046165829613,0.410358555897711,0.424657511237517,0.40307099601854707,0.016659611959688427,0.41602869167452605
2022-10-06,0.40761902218773244,0.43426291566165953,0.43052839390370684,0.4184260676347285,0.010720508057997135,0.42216333876687584
2022-10-07,0.401904787336077,0.3764939987383762,0.377690823166056,0.41650672944442896,0.0364730004867996,0.36695269284279564
2022-10-10,0.3599999745686849,0.3585657764091559,0.3561643778093792,0.3781189588805291,0.04269594676069856,0.3444592723907417
2022-10-11,0.39047622680664057,0.3585657764091559,0.40900194854703004,0.34740881564816634,0.07239841346008319,0.3996700253972826
2022-10-13,0.3809523809523809,0.3944223160550787,0.38943249518392126,0.39731288992420216,0.03317978387289023,0.37922166578011307
2022-10-14,0.36571430024646573,0.3685258788170601,0.36203526047556905,0.3819578183080207,0.022034008484505034,0.3505939730243218
2022-10-17,0.3523809342157273,0.36653389633047206,0.36007826848200103,0.3608445490740481,0.016064634679483904,0.3485490728131285
2022-10-18,0.35619045439220604,0.364541818856402,0.36790604982724445,0.3608445490740481,0.028637313461720732,0.35672840595175026
2022-10-19,0.3523809342157273,0.36653389633047206,0.3718199404998663,0.3589251193603024,0.027220334626337894,0.36081804575044585
2022-10-20,0.35809525989350816,0.37450201625178825,0.3796477218451097,0.36852208488213883,0.029212937852911094,0.36899748597152837
2022-10-21,0.3714286259242466,0.3804780586990343,0.39334638585654297,0.36852208488213883,0.03215681000871873,0.38331125203757843
2022-10-24,0.3542857397170293,0.3725099387777182,0.36594915114819077,0.3704414230724385,0.018279796129719934,0.3546836128230175
2022-10-25,0.3523809342157273,0.364541818856402,0.35812136980294723,0.35700578117000276,0.02621522496741023,0.34650422614316545
2022-10-26,0.3314286186581566,0.3386454291121245,0.33463797910995957,0.34740881564816634,0.03467739974583206,0.3219661731860699
2022-10-27,0.3504762195405506,0.34661354903344066,0.36594915114819077,0.3301343600799623,0.03354699253623581,0.3546836128230175
2022-10-28,0.34476189386276973,0.36055775889574393,0.3698630418208125,0.3531670132659574,0.020669629809006836,0.3587732526217132
2022-10-31,0.3733333405994233,0.3386454291121245,0.3972602765291648,0.3320537440319849,0.044256831693878985,0.38740115954242593
2022-11-01,0.420952388218471,0.3984063760157367,0.4403131672425183,0.391554692306411,0.05468729453062546,0.432387572116691
2022-11-03,0.4552380698067801,0.4163346933324391,0.4774950819751678,0.41458729973068315,0.03315025831144555,0.4712395517635276
2022-11-04,0.4742857615152994,0.47410361025572245,0.48140897264778953,0.4664107121970185,0.02691093651607307,0.4753290309385322
2022-11-07,0.48190480186825707,0.4422310355829757,0.4324852925827605,0.487523981430991,0.03861397586248135,0.4242081854368388
2022-11-08,0.4247619083949497,0.4322709331750715,0.4481409485877618,0.42226483553877386,0.03421466720722429,0.44056706587900374
2022-11-09,0.43809527442568824,0.4362549931357296,0.4324852925827605,0.4337812307743561,0.02403008530654232,0.4242081854368388
2022-11-10,0.39619046165829613,0.36653389633047206,0.36203526047556905,0.40307099601854707,0.05188608790280682,0.3505939730243218
2022-11-11,0.34857141403924846,0.31474102185443487,0.36790604982724445,0.34165070955382143,0.056026117468066496,0.35672840595175026
2022-11-14,0.35809525989350816,0.36055775889574393,0.36399215915462274,0.36852208488213883,0.022873378017003745,0.3526387126118242
2022-11-16,0.3504762195405506,0.34063745909245347,0.346379697785082,0.35508635145625705,0.035962630067541586,0.3342351996646177
2022-11-17,0.3104762122744605,0.2968127520314735,0.3228963070920943,0.3262955921759169,0.05818768630257101,0.3096970931662918
2022-11-18,0.36761910574776785,0.33665339913179537,0.3542074791303255,0.3301343600799623,0.05333432909736637,0.34241458634446975
2022-11-21,0.34476189386276973,0.3386454291121245,0.346379697785082,0.3512475835522117,0.02396830493007404,0.3342351996646177
2022-11-22,0.3295238131568545,0.34262948907278257,0.346379697785082,0.33781194164977607,0.021796563423139008,0.3342351996646177
2022-11-23,0.32571429298037574,0.3386454291121245,0.34050881511889225,0.32821497612793954,0.012100766027045413,0.3281006061134982
2022-11-24,0.34666669936407174,0.3505976564878397,0.3698630418208125,0.34165070955382143,0.00957025173146328,0.3587732526217132
2022-11-25,0.3504762195405506,0.34661354903344066,0.3502935884577038,0.3627638872643478,0.017580114757669574,0.3383248930045437
2022-11-28,0.3314286186581566,0.34860557901376965,0.34442270579151396,0.3320537440319849,0.014223132855598172,0.3321903529946547
2022-11-29,0.3409523736862909,0.3326693391711373,0.34050881511889225,0.33781194164977607,0.028739288299987644,0.3281006061134982
2022-11-30,0.3295238131568545,0.3326693391711373,0.3502935884577038,0.32821497612793954,0.03776989216470996,0.3383248930045437
2022-12-01,0.3142857324509393,0.3127489918741059,0.30919764308066106,0.3320537440319849,0.052032475140221614,0.2953831664765506
2022-12-02,0.3219047728038969,0.31872508181509296,0.32093936175578347,0.30710170689396704,0.0371086684567262,0.30765224649632883
2022-12-05,0.3047619320097424,0.2908366620904864,0.28767124438124153,0.32245682427187156,0.03213869768951317,0.27288996018941813
2022-12-06,0.27428572518484934,0.272908344773784,0.27788651769968714,0.28790786737374024,0.028962342751573913,0.26266578038083344
2022-12-07,0.2571428843906947,0.2649402248524678,0.2622309083519429,0.2706334118055361,0.02970991011823623,0.24630700702112918
2022-12-08,0.22857143765404103,0.21513942785050066,0.21135028295060304,0.23608445490740487,0.045465394801417036,0.21046302723722699
2022-12-09,0.19809527624221074,0.1992031880078684,0.2133072282869139,0.2111324177693869,0.028058215475066286,0.21255975535941019
2022-12-12,0.19809527624221074,0.1952191280472103,0.2035225016053595,0.20729364986534154,0.05547679315681845,0.20207622183095475
2022-12-13,0.2000000363304501,0.1992031880078684,0.19569472026011608,0.20153549800927356,0.02281085329865031,0.19368946996591296
2022-12-14,0.19428571065266925,0.18725100812589413,0.21135028295060304,0.18618042639309212,0.03419903602763593,0.21046302723722699
2022-12-15,0.20190479641868947,0.2031872479685265,0.2035225016053595,0.20153549800927356,0.017874377916269477,0.20207622183095475
2022-12-16,0.18666667029971168,0.1952191280472103,0.19569472026011608,0.1976967301052282,0.014989556883351206,0.19368946996591296
2022-12-19,0.1923809505644299,0.1992031880078684,0.21135028295060304,0.1919385782491601,0.012502462531070072,0.21046302723722699
2022-12-20,0.23809523809523808,0.20916333790951358,0.25048923633407766,0.1976967301052282,0.028010329480454326,0.25239705426858794
2022-12-21,0.2514286041259765,0.25298804497049354,0.2661447990245647,0.24568137466751822,0.03214539676647961,0.26917071862236275
2022-12-22,0.24761908394949778,0.25697210493115163,0.26810179101813275,0.2591170623316769,0.01506696843940784,0.2712673932033156
2022-12-23,0.2647619247436523,0.27490042224785405,0.2837573537086197,0.2648752599494681,0.0070265873959099905,0.2880410575570903
2022-12-26,0.2647619247436523,0.2629481948721387,0.26810179101813275,0.28214971551767215,0.009021919876062115,0.2712673932033156
2022-12-27,0.25523812430245535,0.2609561648918097,0.27788651769968714,0.26295587599744547,0.00996103122117226,0.28175092673177105
2022-12-28,0.28571428571428564,0.27888448220851214,0.29158513505386324,0.2725527957575588,0.020003940049712114,0.29642786296336254
2022-12-29,0.2971428916567847,0.2888446321101573,0.2896281897175524,0.2994241710858763,0.01370407844767996,0.2943311883824097
2023-01-02,0.2590476444789341,0.25099601499016455,0.25048923633407766,0.2725527957575588,0.019392835361995788,0.25239705426858794
2023-01-03,0.23238095783051987,0.21513942785050066,0.21135028295060304,0.2437619907154956,0.019615145471696897,0.21046302723722699
2023-01-04,0.20380955650692895,0.20916333790951358,0.20743639227798133,0.21305184748313272,0.022396006754654495,0.20626962453409092
2023-01-05,0.19809527624221074,0.18725100812589413,0.1898238842511834,0.20729364986534154,0.0838399406908386,0.1873993391405936
2023-01-06,0.17714286985851463,0.18326694816523603,0.18786693891487255,0.18618042639309212,0.09017776372901391,0.1853026110184104
2023-01-09,0.1790476299467541,0.18127491818490704,0.1898238842511834,0.1785028905850014,0.03468459505072194,0.1873993391405936
2023-01-10,0.1904761904761904,0.19123506808655222,0.2133072282869139,0.18234165848904677,0.027144659868013298,0.21255975535941019
2023-01-11,0.23428571791875924,0.22111551779148786,0.2583170176793212,0.20921303381736428,0.049101753024385145,0.2607839132160905
2023-01-12,0.2457143238612583,0.23705180512786117,0.24070450965252338,0.24568137466751822,0.028588435011261893,0.24191357428136284
2023-01-13,0.2190476372128441,0.21314739787017167,0.21135028295060304,0.22840691909931415,0.03183872790979371,0.21046302723722699
2023-01-16,0.1904761904761904,0.2031872479685265,0.2035225016053595,0.20153549800927356,0.017557288273191335,0.20207622183095475
2023-01-17,0.2000000363304501,0.2071713079291846,0.21526417362322486,0.20153549800927356,0.025320029793524525,0.21465642994036305
2023-01-18,0.20952383677164715,0.21513942785050066,0.2133072282869139,0.21689061538717808,0.028955643674607474,0.21255975535941019
2023-01-19,0.20380955650692895,0.1992031880078684,0.2250489469620363,0.20729364986534154,0.05472897767619441,0.22513996346881848
2023-01-20,0.20190479641868947,0.2031872479685265,0.20156555626904865,0.21689061538717808,0.043717431941099734,0.19997949370877155
2023-01-23,0.1904761904761904,0.1992031880078684,0.20156555626904865,0.19385796220118284,0.02228758095338286,0.19997949370877155
2023-01-24,0.21523811703636525,0.2051792779488555,0.23679061897990156,0.19961611405725083,0.02741510408628808,0.23772022511945712
2023-01-25,0.2247619174775623,0.23306774516720308,0.2485322909977668,0.23032630305133678,0.014873439549266253,0.2503004332288654
2023-01-26,0.23238095783051987,0.24103586508851926,0.2387475643162124,0.2437619907154956,0.016418693302858323,0.23981689970040998
2023-01-27,0.2190476372128441,0.2290836852065451,0.22700589229834717,0.23416507095538214,0.01712681054960716,0.22723669159100168
2023-01-30,0.2057143165951683,0.1932270980668812,0.19373777492380523,0.21689061538717808,0.05781427479018243,0.19159274184372976
2023-01-31,0.1904761904761904,0.1992031880078684,0.20156555626904865,0.18809981034511475,0.04561699243202794,0.19997949370877155
2023-02-01,0.18857143038795104,0.16135457088787553,0.17416832156069645,0.19577734615320547,1.0,0.17062572832804923
2023-02-02,0.1676190694173177,0.15737051092721743,0.1545988215403305,0.16890597082488806,0.1220785201292376,0.14965860772990802
2023-02-03,0.14666666303362158,0.13745021112392697,0.16242660288557403,0.1497120855429382,0.12811662150165518,0.1580454666774106
2023-02-06,0.16190478915259948,0.15936254090754653,0.17416832156069645,0.15930900530305153,0.0823924438381642,0.17062572832804923
2023-02-07,0.16380954924083885,0.1673306608288626,0.17025443088807474,0.17466412268095605,0.07507655556288871,0.16643227208368283
2023-02-08,0.18095239003499347,0.1713147207895207,0.2035225016053595,0.1708253547769107,0.12123741379900686,0.20207622183095475
2023-02-09,0.1923809505644299,0.18725100812589413,0.1996086109327378,0.1976967301052282,0.10426865184301533,0.19788287266904903
2023-02-10,0.18285715012323284,0.18525897814556502,0.1859099935785617,0.19385796220118284,0.05352264759431184,0.18320593643745753
2023-02-13,0.16571430932907832,0.17529882824391985,0.18786693891487255,0.18042227453702414,0.03280389122088445,0.1853026110184104
2023-02-14,0.16380954924083885,0.14143427108458506,0.1409002041861544,0.18042227453702414,0.0974341046534766,0.13498172503954686
2023-02-15,0.14285714285714285,0.12151392378755366,0.16242660288557403,0.13435701392675675,0.1019889807627321,0.1580454666774106
2023-02-16,0.14666666303362158,0.14940239100590125,0.16046965754926318,0.15355085344698355,0.0483688243814643,0.15594879209645773
2023-02-17,0.14666666303362158,0.15139442098623035,0.1506849308677088,0.15355085344698355,0.06530433906658535,0.1454652585680023
2023-02-22,0.14095238276890348,0.13944224110425607,0.16046965754926318,0.14203454973484747,0.047011392896894266,0.15594879209645773
2023-02-23,0.15238098871140254,0.14741036102557226,0.15264187620401964,0.15930900530305153,0.057723961308116356,0.1475619866901855
2023-02-24,0.1333333424159458,0.1254980312419528,0.12328769615935659,0.14779270159091545,0.06519243966984964,0.11611143964604964
2023-02-27,0.139047622680664,0.12350595376788265,0.15264187620401964,0.12284071021462067,0.07590252694145454,0.1475619866901855
2023-02-28,0.15047622862316307,0.15737051092721743,0.16046965754926318,0.15355085344698355,0.06745697579846795,0.15594879209645773
2023-03-01,0.15619050888788127,0.14741036102557226,0.14872798553139793,0.1573896213510289,0.07724904141170891,0.1433685304458191
2023-03-02,0.13142858232770643,0.133466151163269,0.12915853216828915,0.1439539336868701,0.0501428392077622,0.1224015704713689
2023-03-03,0.11428574153355192,0.10557768394492129,0.11154597748423417,0.1305182460227114,0.08526361860318787,0.103531177995411
2023-03-06,0.11428574153355192,0.10956174390557938,0.1272015868319783,0.11516312864480688,0.05610749884751065,0.1203048423491857
2023-03-07,0.11047622135707308,0.11952189380722456,0.1272015868319783,0.12284071021462067,0.026188676773506194,0.1203048423491857
2023-03-08,0.11809526171003065,0.1274900612222818,0.13307242284091086,0.12284071021462067,0.050024736961983486,0.12659491963327463
2023-03-09,0.11238098144531244,0.10557768394492129,0.10567514147530149,0.1247600941666433,0.09842730484224171,0.09724110071132197
2023-03-10,0.08952381497337697,0.09163347408261802,0.09001957878481454,0.10172744098064807,0.05478529954550485,0.08046748989877761
2023-03-13,0.06476193382626488,0.0717131267855865,0.07045007876444859,0.08061421750839864,0.07412230926611364,0.05950042284186674
2023-03-14,0.0876190548851376,0.08565738414163093,0.08806263344850368,0.08061421750839864,0.095436539147669,0.07837081531782475
2023-03-15,0.07428573426746182,0.08167332418097284,0.08806263344850368,0.08061421750839864,0.03959452223919874,0.07837081531782475
2023-03-16,0.07809525444394066,0.08167332418097284,0.09197652412112539,0.09213052122053472,0.05097029927009835,0.08256421802096081
2023-03-17,0.06285717373802552,0.04382470706097996,0.04109589871978547,0.06717848408251686,0.10528815211172275,0.04551572117761793
2023-03-20,0.034285727001371835,0.035856587139663776,0.04109589871978547,0.04030710875419935,0.04784828128977577,0.04551572117761793
2023-03-21,0.032380966913132414,0.021912329783619455,0.023483390692987605,0.04222649270622203,0.06223640992991773,0.02600904472004495
2023-03-22,0.007619085766020273,0.011952179881974223,0.013698617354176101,0.019193839520226796,0.06215254741085638,0.015171924906282719
2023-03-23,0.0,0.0,0.0,0.013435687664158757,0.07256787529593793,0.0
2023-03-24,0.013333366030738425,0.0019920299803290464,0.029354226701920227,0.0,0.04338868094182075,0.032511198817595455
2023-03-27,0.0361904870896112,0.03386455715933473,0.04892368006502901,0.030710188994085952,0.044736187867921995,0.054185384903889466
2023-03-28,0.06285717373802552,0.041832677080650915,0.07632096143063843,0.04222649270622203,0.16862941351317956,0.08452923471645502
2023-03-29,0.0819047746204194,0.0737051567659156,0.0958904147937471,0.07677544960435329,0.08734231737447791,0.1062032601790579
2023-03-30,0.11238098144531244,0.10557768394492129,0.12328769615935659,0.1036468249326708,0.09461081588306489,0.13654710999162345
2023-03-31,0.11047622135707308,0.10756971392525039,0.11545986815685588,0.1247600941666433,0.059940363328160995,0.12787739272412157
2023-04-03,0.10666670118059424,0.11155377388590848,0.11154597748423417,0.11708255835855269,0.04258007754057532,0.12354264117283131
2023-04-04,0.10095242091587614,0.10756971392525039,0.11154597748423417,0.11324374469278414,0.048029404481831364,0.12354264117283131
2023-04-05,0.09714285532633465,0.0996015940039342,0.10958903214792332,0.10940497678873878,0.05131418522104225,0.12137518508534073
2023-04-06,0.08952381497337697,0.0996015940039342,0.10371819613899064,0.1036468249326708,0.03215308829929293,0.11487297744655978
2023-04-10,0.09333333514985581,0.10557768394492129,0.10763208681161235,0.1036468249326708,0.031002335744835633,0.11920778253908038
2023-04-11,0.13714286259242464,0.11553783384656657,0.15655576687664147,0.11132436074076152,0.0792838240117745,0.17339316744296984
2023-04-12,0.15619050888788127,0.15737051092721743,0.15655576687664147,0.15355085344698355,0.07633623014654108,0.17339316744296984
2023-04-13,0.14476190294538221,0.14940239100590125,0.1506849308677088,0.15547023739900617,0.03504981880237376,0.16689090626295866
2023-04-14,0.1333333424159458,0.14143427108458506,0.15264187620401964,0.14203454973484747,0.02226624315267494,0.16905825526798857
2023-04-17,0.15047622862316307,0.15338645096655934,0.1682974388945067,0.1497120855429382,0.033040095712441875,0.18639763626176198
2023-04-18,0.16000002906436012,0.1693226908091917,0.18003915756962902,0.16698658687286533,0.03034334506250735,0.19940210508055412
2023-04-19,0.15238098871140254,0.15338645096655934,0.1506849308677088,0.16698658687286533,0.045135651346291175,0.16689090626295866
2023-04-20,0.1485714685349237,0.14741036102557226,0.16634049355819575,0.14587331763889283,0.02535675065985908,0.18423023371550173
2023-04-24,0.17523810977027526,0.15737051092721743,0.1898238842511834,0.15930900530305153,0.08795441451804112,0.21023922489431623
2023-04-25,0.18285715012323284,0.17529882824391985,0.18003915756962902,0.1842610424410694,0.042894934157997985,0.19940210508055412
2023-04-26,0.16000002906436012,0.15737051092721743,0.1545988215403305,0.17274473872893342,0.0334152440225625,0.1712257648967096
2023-04-27,0.1542857487996419,0.15737051092721743,0.17025443088807474,0.1497120855429382,0.02627005815295035,0.18856503880802222
2023-04-28,0.17142858959379653,0.1673306608288626,0.18199610290593998,0.1650672029208427,0.04654196128132005,0.20156950762681436
2023-05-02,0.16952382950555706,0.15737051092721743,0.15264187620401964,0.17466412268095605,0.03211711177484353,0.16905825526798857
2023-05-03,0.16000002906436012,0.14940239100590125,0.17416832156069645,0.1516314694949608,0.0348031935244241,0.19289989744177327
2023-05-04,0.16571430932907832,0.1713147207895207,0.18003915756962902,0.17274473872893342,0.04661416244418057,0.19940210508055412
2023-05-05,0.1790476299467541,0.18525897814556502,0.1996086109327378,0.17658350663297878,0.03983420032622024,0.22107629116684813
2023-05-08,0.19619051615397137,0.20916333790951358,0.20547944694167047,0.1976967301052282,0.03587603829490131,0.22757844526439863
2023-05-09,0.1847619102114722,0.18326694816523603,0.18003915756962902,0.19577734615320547,0.07565093938427048,0.19940210508055412
2023-05-10,0.18095239003499347,0.17729085822424895,0.1996086109327378,0.17658350663297878,0.045678524694534504,0.22107629116684813
2023-05-11,0.18666667029971168,0.19123506808655222,0.20939333761429219,0.1919385782491601,0.03845220555943992,0.2319133574393799
2023-05-12,0.19619051615397137,0.1992031880078684,0.20156555626904865,0.20345488196129619,0.02973496962836995,0.22324369371310837
2023-05-15,0.19428571065266925,0.15936254090754653,0.1722113762243856,0.20729364986534154,0.1733798034242704,0.19073249489551292
2023-05-16,0.18095239003499347,0.17529882824391985,0.19178082958749426,0.1650672029208427,0.109092731600737,0.2124066274405766
2023-05-17,0.21333335694812589,0.1972111580275393,0.22700589229834717,0.18809981034511475,0.06516068108274949,0.2514200874381832
2023-05-18,0.22095239730108346,0.21713145783082977,0.23679061897990156,0.22072938329122344,0.09718921617325899,0.2622571537107151
2023-05-19,0.2571428843906947,0.23904383510819027,0.2759295723633762,0.23608445490740487,0.0766431471171887,0.305605365259612
2023-05-22,0.26857144492013113,0.27490042224785405,0.27201568169075446,0.2802303315656495,0.030984223425630075,0.30127061370832176
2023-05-23,0.26666668483189165,0.272908344773784,0.27201568169075446,0.2648752599494681,0.025747033921644617,0.30127061370832176
2023-05-24,0.2590476444789341,0.23505977514753218,0.24070450965252338,0.26295587599744547,0.08355262472316685,0.26659190526200527
2023-05-25,0.23809523809523808,0.23705180512786117,0.23287672830727985,0.24568137466751822,0.08544672670693722,0.2579222950769642
2023-05-26,0.22285715738932294,0.21713145783082977,0.2348336736435907,0.2380038388594275,0.05962674728054693,0.26008975116445476
2023-05-29,0.23619047800699872,0.24103586508851926,0.2485322909977668,0.23416507095538214,0.03198288212155302,0.27526162252950725
2023-05-30,0.2457143238612583,0.24501992504917736,0.2622309083519429,0.24952014257156357,0.055791649774241114,0.29043349389455964
2023-05-31,0.2647619247436523,0.2669322548327968,0.26810179101813275,0.25527829442763156,0.05312740205329191,0.2969357550745708
2023-06-01,0.28571428571428564,0.2589641349114806,0.2935420803901741,0.2648752599494681,0.06630274964854659,0.32511209525841533
2023-06-02,0.2819047655378069,0.28286854216917023,0.2837573537086197,0.29366601922980823,0.05580058187686303,0.31427502898588355
2023-06-05,0.27428572518484934,0.2848605721494992,0.29549902572648495,0.2725527957575588,0.024937686178514027,0.32727955134590603
2023-06-06,0.2990476517450242,0.2988047820118026,0.3248532524284053,0.2917466352777856,0.047669639237337386,0.3597908037047318
2023-06-07,0.323809578305199,0.32270914177575105,0.33072408843733786,0.3205374403198488,0.0439863874756042,0.3662929578022823
2023-06-09,0.31809525262741817,0.3326693391711373,0.33659492444627054,0.3301343600799623,0.03070931315604433,0.3727952189822936
2023-06-12,0.3142857324509393,0.33665339913179537,0.3385518697825814,0.32821497612793954,0.03619486473571149,0.3749626750697843
2023-06-13,0.31619053795224145,0.31872508181509296,0.3189824164194726,0.32821497612793954,0.04548474769043119,0.35328854252472064
2023-06-14,0.31238097236269996,0.31872508181509296,0.328767143101027,0.3128599045117581,0.06000884278159571,0.3641256087972524
2023-06-15,0.31238097236269996,0.3306773091908083,0.33072408843733786,0.32245682427187156,0.030088283909859206,0.3662929578022823
2023-06-16,0.3085714521862211,0.3286852792104792,0.33072408843733786,0.31669867241580346,0.031745437060186996,0.3662929578022823
2023-06-19,0.31619053795224145,0.3346613691514664,0.33463797910995957,0.32821497612793954,0.01959231898721866,0.3706278699772637
2023-06-20,0.34666669936407174,0.34063745909245347,0.3698630418208125,0.32821497612793954,0.08317201790588839,0.4096412228924097
2023-06-21,0.361904780069987,0.3685258788170601,0.38551860451129955,0.3646833169780935,0.05528227181082998,0.4269806574274134
2023-06-22,0.36761910574776785,0.3764939987383762,0.3913894871774893,0.3723608527861842,0.0267846465095576,0.43348281152496393
2023-06-23,0.3847619011288597,0.39641429854166665,0.40900194854703004,0.3857965862120661,0.05428162820321328,0.4529895950649977
2023-06-26,0.40952382768903456,0.4163346933324391,0.4227006125584633,0.3992322281145017,0.10229118356810704,0.46816157351251075
2023-06-27,0.4114286331903367,0.4063744959370529,0.426614503231085,0.4184260676347285,0.1858926867417327,0.4724962715225707
2023-06-28,0.4057143075125557,0.40836657341112303,0.41682972989227357,0.41650672944442896,0.07076880095950631,0.4616592052500389
2023-06-29,0.4266667138962518,0.4282868732144134,0.45596872993300536,0.40882919363633824,0.09704009968226526,0.5050074703401661
2023-06-30,0.45142854963030127,0.41832667581902716,0.4187867218858416,0.45489440848488244,0.08377518294682969,0.4638266613375295
2023-07-03,0.4133333478655134,0.43027885570100144,0.4324852925827605,0.4184260676347285,0.04600901249154552,0.47899853270258186
2023-07-04,0.4057143075125557,0.41832667581902716,0.4207436205648953,0.42226483553877386,0.022707637890574797,0.4659940103425594
2023-07-05,0.39047622680664057,0.3944223160550787,0.3972602765291648,0.4049904257322929,0.07863178052037438,0.4399850727049752
2023-07-06,0.36571430024646573,0.37051795629113016,0.3718199404998663,0.38387715649832027,0.052155291551273006,0.41180867897990037
2023-07-07,0.361904780069987,0.37848607621244634,0.3796477218451097,0.36660265516839313,0.043173566137009525,0.42047839624740224
2023-07-10,0.3733333405994233,0.37848607621244634,0.38747550319035323,0.3704414230724385,0.03729326524424587,0.42914789934998265
2023-07-11,0.3752381461007254,0.38247013617310444,0.3913894871774893,0.3781189588805291,0.04499174524849358,0.43348281152496393
2023-07-12,0.37904766627720415,0.3904382560944206,0.3835616125177315,0.38963535411611144,0.011172571696250948,0.42481320133992284
2023-07-13,0.36761910574776785,0.3804780586990343,0.3796477218451097,0.37619962069022955,0.022002498011366597,0.42047839624740224
2023-07-14,0.35619045439220604,0.3505976564878397,0.3561643778093792,0.3704414230724385,0.037692232494691606,0.39446929798612684
2023-07-17,0.361904780069987,0.3585657764091559,0.38551860451129955,0.34740881564816634,0.047660707134715465,0.4269806574274134
2023-07-18,0.39047622680664057,0.3904382560944206,0.395303377850111,0.37619962069022955,0.04515674103303737,0.4378177236999453
2023-07-19,0.3733333405994233,0.3844621186596924,0.3913894871774893,0.38963535411611144,0.033363636318524736,0.43348281152496393
2023-07-20,0.36952382042294457,0.37848607621244634,0.3796477218451097,0.3857965862120661,0.03058624863103122,0.42047839624740224
2023-07-21,0.3733333405994233,0.3844621186596924,0.39334638585654297,0.3723608527861842,0.020684268532748313,0.4356502676124546
2023-07-24,0.36952382042294457,0.37848607621244634,0.38551860451129955,0.38387715649832027,0.038778475419101704,0.4269806574274134
2023-07-25,0.3714286259242466,0.38247013617310444,0.3796477218451097,0.38387715649832027,0.031656364147929515,0.42047839624740224
2023-07-26,0.3599999745686849,0.3804780586990343,0.3835616125177315,0.3704414230724385,0.011773503711536754,0.42481320133992284
2023-07-27,0.3599999745686849,0.36055775889574393,0.3542074791303255,0.37619962069022955,0.04137870973792715,0.39739222083401704
2023-07-28,0.33904765901111417,0.3545817164484978,0.36399215915462274,0.34932824536191215,0.03759621239150597,0.408291823263611
2023-07-31,0.3504762195405506,0.3685258788170601,0.3718199404998663,0.35508635145625705,0.030604609064198495,0.41701149449904007
2023-08-01,0.3523809342157273,0.36055775889574393,0.3718199404998663,0.3608445490740481,0.05620897745785413,0.41701149449904007
2023-08-02,0.3523809342157273,0.37051795629113016,0.377690823166056,0.35700578117000276,0.05971284282526376,0.4235512345403043
2023-08-03,0.35619045439220604,0.36254983636981397,0.36007826848200103,0.3723608527861842,0.04905833308108414,0.40393190733405093
2023-08-04,0.3409523736862909,0.35657369893508584,0.3561643778093792,0.34740881564816634,0.03661020750763075,0.3995720449457212
2023-08-07,0.3333333333333333,0.34661354903344066,0.34442270579151396,0.34932824536191215,0.032440652380926395,0.3864925648631927
2023-08-08,0.31238097236269996,0.32270914177575105,0.33463797910995957,0.3262955921759169,0.04021406280161354,0.37559296243359885
2023-08-09,0.3085714521862211,0.32071711179542206,0.3248532524284053,0.3243762082238942,0.030255264606096757,0.3646933600040049
2023-08-10,0.30666669209798175,0.32270914177575105,0.3228963070920943,0.3186180563678262,0.024301770094625703,0.3625134823510704
2023-08-11,0.2990476517450242,0.3087649319134478,0.311154588416972,0.3128599045117581,0.0291447065134381,0.34943389518608114
2023-08-14,0.2819047655378069,0.2948207220511445,0.29549902572648495,0.2994241710858763,0.04569887003939554,0.3319944991739926
2023-08-15,0.31238097236269996,0.2868526021298283,0.2974559710627958,0.28214971551767215,0.09101018607058446,0.33417448390938786
2023-08-16,0.27428572518484934,0.25498007495082264,0.2622309083519429,0.28982725132576287,0.06404119088746892,0.294935829496881
2023-08-17,0.24380956377301893,0.24701195502950646,0.24657534566145595,0.2571976783796543,0.050605075518446535,0.27749654056725326
2023-08-18,0.24380956377301893,0.24701195502950646,0.26027396301563205,0.2380038388594275,0.03525773830229511,0.29275595184394654
2023-08-21,0.2419047582717168,0.24501992504917736,0.24266145498883424,0.25527829442763156,0.0264010623247385,0.2731366781789235
2023-08-22,0.2304761977422805,0.23505977514753218,0.24657534566145595,0.24184260676347286,0.05299466108377172,0.27749654056725326
2023-08-23,0.26095240456717356,0.25498007495082264,0.26418785368825387,0.24568137466751822,0.10436665685789472,0.29711576069104595
2023-08-24,0.27809524536132807,0.2689242848131259,0.28767124438124153,0.2571976783796543,0.10041817127108287,0.3232748814797939
2023-08-25,0.2819047655378069,0.2908366620904864,0.2994129163991068,0.28982725132576287,0.04849089645063054,0.3363544151035527
2023-08-28,0.2838095256260463,0.2888446321101573,0.2896281897175524,0.30134355503789895,0.06565467598053398,0.3254548126739588
2023-08-29,0.2819047655378069,0.2968127520314735,0.30528375240803934,0.28982725132576287,0.029440706469770043,0.3428941016035866
2023-08-30,0.28571428571428564,0.2908366620904864,0.29158513505386324,0.2975047871338536,0.03329838234659238,0.3276346903268933
2023-08-31,0.26857144492013113,0.272908344773784,0.26810179101813275,0.2840690994696949,0.05020685260988596,0.30147567662060604
2023-09-01,0.2647619247436523,0.27490042224785405,0.26810179101813275,0.2667946439014908,0.0388367822001059,0.30147567662060604
2023-09-04,0.253333364214216,0.2649402248524678,0.2622309083519429,0.26103649204542273,0.017841378759360718,0.294935829496881
2023-09-05,0.27238096509660986,0.25697210493115163,0.2896281897175524,0.24568137466751822,0.05919304407546039,0.3254548126739588
2023-09-06,0.2895238058907645,0.2888446321101573,0.2896281897175524,0.28214971551767215,0.052089541351417204,0.3254548126739588
2023-09-08,0.26666668483189165,0.28286854216917023,0.2837573537086197,0.2725527957575588,0.06051102544011695,0.31891501909146414
2023-09-11,0.27428572518484934,0.2908366620904864,0.2974559710627958,0.28214971551767215,0.02315771661713485,0.33417448390938786
2023-09-12,0.3028571719215029,0.3047808719527897,0.31702547108316176,0.29366601922980823,0.03488705604348545,0.3559736887685757
2023-09-13,0.31809525262741817,0.3247012192498211,0.328767143101027,0.30902113660771274,0.03950123138959202,0.3690531688511042
2023-09-14,0.31619053795224145,0.3346613691514664,0.33463797910995957,0.3262955921759169,0.01959752938041478,0.37559296243359885
2023-09-15,0.33714285350981205,0.34063745909245347,0.33659492444627054,0.3243762082238942,0.08194608682102995,0.3777728936277637
2023-09-18,0.32571429298037574,0.3306773091908083,0.3385518697825814,0.3301343600799623,0.0538834052946527,0.37995277128069815
2023-09-19,0.3219047728038969,0.31673305183476397,0.32093936175578347,0.3320537440319849,0.04596931425767033,0.36033355115690546
2023-09-20,0.3028571719215029,0.3107569618937768,0.3033268070717285,0.31477928846378084,0.05476892402403133,0.3407142239506521
2023-09-21,0.28571428571428564,0.2928286920708154,0.2896281897175524,0.28790786737374024,0.049101256796461705,0.3254548126739588
2023-09-22,0.2819047655378069,0.2928286920708154,0.29549902572648495,0.2859884834217175,0.050442808987481665,0.3319944991739926
2023-09-25,0.28000000544956744,0.2848605721494992,0.2896281897175524,0.2859884834217175,0.028383989106804623,0.3254548126739588
2023-09-26,0.2647619247436523,0.2669322548327968,0.2622309083519429,0.2783109476136268,0.0529001296643564,0.294935829496881
2023-09-27,0.24761908394949778,0.25099601499016455,0.2524461816703886,0.2571976783796543,0.04896628280128603,0.2840362806085175
2023-09-28,0.23809523809523808,0.24501992504917736,0.25636007234301034,0.24952014257156357,0.03741335240171834,0.28839614299684724
2023-09-29,0.24761908394949778,0.25697210493115163,0.2583170176793212,0.2591170623316769,0.029790795269756944,0.2905760206497817
2023-10-02,0.23809523809523808,0.23505977514753218,0.2387475643162124,0.25335891047560893,0.03744709590051226,0.26877681579059376
2023-10-03,0.2304761977422805,0.23306774516720308,0.2348336736435907,0.23032630305133678,0.06857150371451412,0.26441700694349446
2023-10-04,0.2190476372128441,0.23904383510819027,0.23679061897990156,0.23032630305133678,0.022175185328723708,0.2665969381376593
2023-10-05,0.22095239730108346,0.21912348781115876,0.21917811095310374,0.22840691909931415,0.08818937843978994,0.2469776109314059
2023-10-06,0.20190479641868947,0.2051792779488555,0.21917811095310374,0.20729364986534154,0.03528428649619915,0.2469776109314059
2023-10-09,0.2247619174775623,0.22310754777181685,0.24070450965252338,0.21689061538717808,0.03404694216910158,0.2709567469847587
2023-10-10,0.23428571791875924,0.24900398500983545,0.25636007234301034,0.23992322281145023,0.01970297781414577,0.28839614299684724
2023-10-11,0.2514286041259765,0.2589641349114806,0.2700587363544436,0.24952014257156357,0.03462802506744978,0.30365560781477086
2023-10-13,0.253333364214216,0.25298804497049354,0.24657534566145595,0.26295587599744547,0.030100441493983488,0.27749654056725326
2023-10-16,0.23619047800699872,0.24900398500983545,0.25048923633407766,0.24184260676347286,0.026006064897680283,0.28185634941435256
2023-10-17,0.23428571791875924,0.24302789506884837,0.24070450965252338,0.2514395265235862,0.031235810982814142,0.2709567469847587
2023-10-18,0.22666667756580167,0.23306774516720308,0.2348336736435907,0.23032630305133678,0.05450542699668471,0.26968578525843945
2023-10-19,0.23428571791875924,0.23505977514753218,0.2524461816703886,0.2245681511952688,0.08304597601333465,0.28944212447318773
2023-10-20,0.23999999818347745,0.25099601499016455,0.2583170176793212,0.2380038388594275,0.05117772254209626,0.2960275351839502
2023-10-23,0.2419047582717168,0.25697210493115163,0.2622309083519429,0.24568137466751822,0.02622961557718999,0.30041780899112525
2023-10-24,0.2704762050083705,0.272908344773784,0.29158513505386324,0.26103649204542273,0.04086089589981754,0.33334507670985924
2023-10-25,0.2914286113920666,0.2848605721494992,0.28767124438124153,0.28982725132576287,0.05512323076136747,0.3289548029026842
2023-10-26,0.27809524536132807,0.2848605721494992,0.2994129163991068,0.2802303315656495,0.04876928031568036,0.34212567786543957
2023-10-27,0.2895238058907645,0.2928286920708154,0.2896281897175524,0.2917466352777856,0.06218182485833934,0.3311499398062717
2023-10-30,0.27428572518484934,0.2689242848131259,0.26418785368825387,0.28790786737374024,0.05163797394108684,0.30261294589471277
2023-10-31,0.24761908394949778,0.2589641349114806,0.26810179101813275,0.26295587599744547,0.02388890846232365,0.3070033267843485
2023-11-01,0.26666668483189165,0.27689245222818304,0.29158513505386324,0.26295587599744547,0.040827400514985346,0.33334507670985924
2023-11-03,0.28571428571428564,0.2988047820118026,0.2994129163991068,0.29366601922980823,0.036186676974974734,0.34212567786543957
2023-11-06,0.2838095256260463,0.3007968119921316,0.2994129163991068,0.29558540318183096,0.018968064259531174,0.34212567786543957
2023-11-07,0.3142857324509393,0.3047808719527897,0.3385518697825814,0.29366601922980823,0.06967015233701022,0.3860286301021111
2023-11-08,0.3200000581287202,0.3067729019331187,0.30136986173541763,0.3301343600799623,0.07172751330759235,0.3443208147690271
2023-11-09,0.3085714521862211,0.3007968119921316,0.29549902572648495,0.2994241710858763,0.05933049921025327,0.3377353505170343
2023-11-10,0.28571428571428564,0.3027888419724606,0.3033268070717285,0.30134355503789895,0.0357579360491226,0.3465159516726146
2023-11-13,0.2838095256260463,0.3047808719527897,0.3072406977443502,0.2975047871338536,0.032351083240745475,0.35090622547978967
2023-11-14,0.2971428916567847,0.2948207220511445,0.2896281897175524,0.3051823229419443,0.06843255989595093,0.3311499398062717
2023-11-16,0.27428572518484934,0.2908366620904864,0.2974559710627958,0.2840690994696949,0.04680669887847527,0.33993054096185216
2023-11-17,0.2819047655378069,0.2629481948721387,0.25636007234301034,0.29366601922980823,0.09465349148448073,0.2938323982803628
2023-11-20,0.2704762050083705,0.2589641349114806,0.29549902572648495,0.25335891047560893,0.09280901229305435,0.3377353505170343
2023-11-21,0.26857144492013113,0.27689245222818304,0.2700587363544436,0.2840690994696949,0.05420421664715665,0.309198463687936
2023-11-22,0.25523812430245535,0.27490042224785405,0.27201568169075446,0.2706334118055361,0.06816558927314023,0.31139360059152343
2023-11-23,0.26095240456717356,0.2709163147934549,0.28571429904493056,0.26295587599744547,0.0350403904718284,0.32675961245786633
2023-11-24,0.2704762050083705,0.2868526021298283,0.2896281897175524,0.2783109476136268,0.030107140570949927,0.3311499398062717
2023-11-27,0.2704762050083705,0.25697210493115163,0.2524461816703886,0.28214971551767215,0.06938531750895569,0.28944212447318773
2023-11-28,0.24380956377301893,0.25099601499016455,0.26810179101813275,0.24568137466751822,0.03557185057783261,0.3070033267843485
2023-11-29,0.2590476444789341,0.27490042224785405,0.2739726270270653,0.26295587599744547,0.046498541338019055,0.3135887910363413
2023-11-30,0.2571428843906947,0.2689242848131259,0.27201568169075446,0.2725527957575588,0.05069787014012981,0.31139360059152343
2023-12-01,0.2590476444789341,0.27689245222818304,0.2739726270270653,0.26871402785351345,0.0429212342379403,0.3135887910363413
2023-12-04,0.2571428843906947,0.27689245222818304,0.2739726270270653,0.2648752599494681,0.023782467572745773,0.3135887910363413
2023-12-05,0.2590476444789341,0.23904383510819027,0.2348336736435907,0.2667946439014908,0.09904064255561351,0.26968578525843945
2023-12-06,0.24952384403773714,0.25099601499016455,0.2544031270066995,0.23992322281145023,0.11449491688926625,0.29163726137677526
2023-12-07,0.25523812430245535,0.25099601499016455,0.2661447990245647,0.24952014257156357,0.05070035127974701,0.30480813633953063
2023-12-08,0.25523812430245535,0.2629481948721387,0.2700587363544436,0.2706334118055361,0.030909293009190635,0.309198463687936
2023-12-11,0.24761908394949778,0.25099601499016455,0.2446184003251451,0.26295587599744547,0.03693424434163705,0.2806615233176074
2023-12-12,0.22857143765404103,0.24103586508851926,0.2348336736435907,0.2437619907154956,0.032278882077884964,0.26968578525843945
2023-12-13,0.2457143238612583,0.24103586508851926,0.2622309083519429,0.23032630305133678,0.05340653026022689,0.30041780899112525
2023-12-14,0.3047619320097424,0.272908344773784,0.27201568169075446,0.2591170623316769,0.1550220995105704,0.31139360059152343
2023-12-15,0.27238096509660986,0.27490042224785405,0.28767124438124153,0.27447217970958143,0.128812333050318,0.3289548029026842
2023-12-18,0.2876190458025251,0.2988047820118026,0.3131115337532829,0.28790786737374024,0.05741307451408122,0.35749168973178247
2023-12-19,0.31238097236269996,0.3107569618937768,0.3385518697825814,0.3051823229419443,0.05993391236515627,0.3860286301021111
2023-12-20,0.3219047728038969,0.3306773091908083,0.34442270579151396,0.32821497612793954,0.04269346562108135,0.392614094354104
2023-12-21,0.3200000581287202,0.3247012192498211,0.346379697785082,0.31669867241580346,0.0462955841173321,0.41100149139097164
2023-12-22,0.35619045439220604,0.34462151905311156,0.3796477218451097,0.34165070955382143,0.06587003889930693,0.44900195131014053
2023-12-26,0.3542857397170293,0.3725099387777182,0.36790604982724445,0.3704414230724385,0.03531083469010318,0.4355899801870676
2023-12-27,0.34476189386276973,0.3545817164484978,0.3522504871367575,0.35508635145625705,0.03901691293631461,0.41770742341127776
2023-12-28,0.32761909848167775,0.34063745909245347,0.346379697785082,0.343570047744121,0.03464266379119126,0.41100149139097164
2024-01-02,0.3333333333333333,0.3505976564878397,0.3561643778093792,0.33781194164977607,0.023421213644481475,0.42217800906399483
2024-01-03,0.342857179187593,0.35657369893508584,0.36203526047556905,0.34932824536191215,0.023364395547247598,0.4288840481667616
2024-01-04,0.33714285350981205,0.34661354903344066,0.34442270579151396,0.3531670132659574,0.02213722389258055,0.4087661450233827
2024-01-05,0.3333333333333333,0.34262948907278257,0.3483365964641358,0.3320537440319849,0.024114444053527116,0.4132367306760999
2024-01-08,0.32761909848167775,0.34860557901376965,0.3502935884577038,0.3397312798400756,0.017577633618052375,0.4154721841261495
2024-01-09,0.3333333333333333,0.34860557901376965,0.36007826848200103,0.33781194164977607,0.020026518420228633,0.4266487017991727
2024-01-10,0.3333333333333333,0.3505976564878397,0.3522504871367575,0.3512475835522117,0.01762105356135337,0.41770742341127776
2024-01-11,0.3295238131568545,0.3286852792104792,0.32681019776471615,0.343570047744121,0.0504296589475105,0.38864818833877357
2024-01-12,0.323809578305199,0.3326693391711373,0.34050881511889225,0.3205374403198488,0.03397325232247074,0.40429545228820496
2024-01-15,0.31619053795224145,0.3386454291121245,0.34050881511889225,0.3301343600799623,0.008336380999829793,0.40429545228820496
2024-01-16,0.3104762122744605,0.2948207220511445,0.2994129163991068,0.32821497612793954,0.06441931656513017,0.35735355335745
2024-01-17,0.2761904852730887,0.28286854216917023,0.28571429904493056,0.2917466352777856,0.02384003001186481,0.3417062894080187
2024-01-18,0.2704762050083705,0.28087651218884113,0.279843463035998,0.2840690994696949,0.01990122086956004,0.3350003038464823
2024-01-19,0.26857144492013113,0.2689242848131259,0.2896281897175524,0.27639156366160417,0.019612664332079695,0.34617692860196614
2024-01-22,0.26666668483189165,0.2689242848131259,0.27201568169075446,0.28214971551767215,0.02233075278272214,0.32605902545858734
2024-01-23,0.2704762050083705,0.28087651218884113,0.28767124438124153,0.2706334118055361,0.01457892827670463,0.34394163577560766
2024-01-24,0.2704762050083705,0.28087651218884113,0.28571429904493056,0.28790786737374024,0.016062649767790142,0.3417062894080187
2024-01-25,0.26666668483189165,0.2848605721494992,0.28767124438124153,0.27639156366160417,0.009728052211117194,0.34394163577560766
2024-01-26,0.27238096509660986,0.2908366620904864,0.2896281897175524,0.2802303315656495,0.009018694394559754,0.34617692860196614
2024-01-29,0.2819047655378069,0.2908366620904864,0.3033268070717285,0.28214971551767215,0.03157622333829396,0.3618241925513975
2024-01-30,0.2876190458025251,0.3007968119921316,0.30136986173541763,0.29558540318183096,0.014867236700223253,0.35958889972503894
2024-01-31,0.29523813156854534,0.3047808719527897,0.3072406977443502,0.29558540318183096,0.024206246219363507,0.3662948852865754
2024-02-01,0.2876190458025251,0.2968127520314735,0.30528375240803934,0.2994241710858763,0.019952332345674357,0.36405953891898646
2024-02-02,0.2914286113920666,0.3007968119921316,0.2974559710627958,0.30134355503789895,0.022071969920648193,0.3551182605310915
2024-02-05,0.27809524536132807,0.2948207220511445,0.29549902572648495,0.28982725132576287,0.0140410172076957,0.3528829141635026
2024-02-06,0.2990476517450242,0.2988047820118026,0.311154588416972,0.28982725132576287,0.021427617962061392,0.3707655244805229
2024-02-07,0.3085714521862211,0.31872508181509296,0.32681019776471615,0.3051823229419443,0.016571035275354393,0.38864818833877357
2024-02-08,0.3047619320097424,0.32071711179542206,0.3248532524284053,0.3186180563678262,0.01778877859947608,0.38641284197118464
2024-02-09,0.32761909848167775,0.3247012192498211,0.31702547108316176,0.3320537440319849,0.04982947127410986,0.3774715635832896
2024-02-14,0.3047619320097424,0.3127489918741059,0.31506847908959373,0.30902113660771274,0.02127974204087628,0.3752361636744703
2024-02-15,0.30095241183326354,0.3087649319134478,0.30528375240803934,0.30902113660771274,0.02467939954436352,0.36405953891898646
2024-02-16,0.2990476517450242,0.3087649319134478,0.3189824164194726,0.30134355503789895,0.02161246286354278,0.3797068564096482
2024-02-19,0.30095241183326354,0.3127489918741059,0.311154588416972,0.3128599045117581,0.014845154557630174,0.3707655244805229
2024-02-20,0.2895238058907645,0.3107569618937768,0.3131115337532829,0.2975047871338536,0.01717295974648708,0.3730008173068814
2024-02-21,0.2990476517450242,0.31474102185443487,0.31506847908959373,0.30710170689396704,0.028149273299017518,0.3752361636744703
2024-02-22,0.29523813156854534,0.3107569618937768,0.311154588416972,0.3109405205597355,0.038728604512795986,0.3707655244805229
2024-02-23,0.28571428571428564,0.2848605721494992,0.279843463035998,0.30134355503789895,0.038719672410174065,0.3350003038464823
2024-02-26,0.2628571646554129,0.2709163147934549,0.279843463035998,0.2706334118055361,0.016592621190024033,0.3350003038464823
2024-02-27,0.27428572518484934,0.2908366620904864,0.28767124438124153,0.2783109476136268,0.03599414054068002,0.34394163577560766
2024-02-28,0.2628571646554129,0.27689245222818304,0.2739726270270653,0.2783109476136268,0.05807231331037122,0.3282943182849458
2024-02-29,0.24952384403773714,0.24900398500983545,0.25048923633407766,0.2667946439014908,0.06973118837159334,0.3014703760388002
2024-03-01,0.253333364214216,0.25697210493115163,0.25636007234301034,0.24760075861954084,0.05914267694123124,0.3081763616003367
2024-03-04,0.24761908394949778,0.2649402248524678,0.2661447990245647,0.2514395265235862,0.034466502878370074,0.31935298635582055
2024-03-05,0.24380956377301893,0.25099601499016455,0.25048923633407766,0.2591170623316769,0.05970763243206764,0.3014703760388002
2024-03-06,0.23238095783051987,0.24501992504917736,0.2446184003251451,0.24568137466751822,0.04438287358643274,0.29476439047726377
2024-03-07,0.22666667756580167,0.23904383510819027,0.2387475643162124,0.2380038388594275,0.021403799021736274,0.28805840491572743
2024-03-08,0.22857143765404103,0.23904383510819027,0.2387475643162124,0.22648753514729142,0.022034008484505034,0.28805840491572743
2024-03-11,0.22666667756580167,0.24103586508851926,0.24070450965252338,0.2322456870033595,0.016893087197666936,0.29029375128331636
2024-03-12,0.22857143765404103,0.24501992504917736,0.24657534566145595,0.23608445490740487,0.018123980561759782,0.2969997368448527
2024-03-13,0.22857143765404103,0.24900398500983545,0.2446184003251451,0.23992322281145023,0.013409815289080057,0.29476439047726377
2024-03-14,0.2247619174775623,0.24302789506884837,0.24266145498883424,0.2380038388594275,0.009830027049384106,0.2925290976509053
2024-03-15,0.22095239730108346,0.24103586508851926,0.2348336736435907,0.23416507095538214,0.010171431860710806,0.2835877657217799
2024-03-18,0.21714287712460473,0.23505977514753218,0.23679061897990156,0.2322456870033595,0.022908610199567983,0.28582311208936884
2024-03-19,0.22857143765404103,0.24501992504917736,0.2485322909977668,0.23416507095538214,0.019818350806345565,0.2992350296712113
2024-03-20,0.24761908394949778,0.25298804497049354,0.26418785368825387,0.2437619907154956,0.02124575042812064,0.3171176399882316
2024-03-21,0.24380956377301893,0.24501992504917736,0.24657534566145595,0.2571976783796543,0.022485575894835408,0.2969997368448527
2024-03-22,0.2190476372128441,0.227091655226216,0.2250489469620363,0.23608445490740487,0.03367774859406224,0.27594197094370965
2024-03-25,0.20380955650692895,0.21513942785050066,0.21526417362322486,0.2188099993392007,0.0364308211133072,0.2647135182772359
2024-03-26,0.1923809505644299,0.18924303810622312,0.19373777492380523,0.20729364986534154,0.06849731763995985,0.2400110402017005
2024-03-27,0.21142859685988652,0.19123506808655222,0.22700589229834717,0.18618042639309212,0.119285253148194,0.2781876507687584
2024-03-28,0.2419047582717168,0.2310757151868741,0.25048923633407766,0.22072938329122344,0.0663501394152351,0.3051358086693424
2024-04-01,0.2247619174775623,0.21713145783082977,0.21526417362322486,0.24184260676347286,0.06921163773575169,0.2647135182772359
2024-04-02,0.1923809505644299,0.20916333790951358,0.21135028295060304,0.20921303381736428,0.033878969017017146,0.2602221586271386
2024-04-03,0.2000000363304501,0.2071713079291846,0.21526417362322486,0.20153549800927356,0.027064519058377742,0.2647135182772359
2024-04-04,0.21714287712460473,0.21314739787017167,0.21526417362322486,0.20921303381736428,0.05614893387911789,0.2647135182772359
2024-04-05,0.19809527624221074,0.21314739787017167,0.21135028295060304,0.20921303381736428,0.02157648633909338,0.2602221586271386
2024-04-08,0.19619051615397137,0.21314739787017167,0.21526417362322486,0.20537426591331892,0.03510440387395216,0.2647135182772359
2024-04-09,0.20380955650692895,0.22111551779148786,0.2250489469620363,0.2111324177693869,0.022799936284334632,0.27594197094370965
2024-04-10,0.20380955650692895,0.1992031880078684,0.1996086109327378,0.2188099993392007,0.04972898511961327,0.24674807967684653
2024-04-11,0.1790476299467541,0.17529882824391985,0.17025443088807474,0.19577734615320547,0.06403250689880871,0.21306288230111636
2024-04-12,0.1542857487996419,0.16533863084853362,0.1643835482218849,0.1631477732070969,0.04761058811444803,0.20632578928474
2024-04-15,0.14476190294538221,0.14940239100590125,0.14481409485877622,0.16122838925507427,0.05495550572324476,0.18386899103425325
2024-04-16,0.1276190621512277,0.133466151163269,0.13502936817722183,0.1381957818308021,0.05488355267434596,0.17264059190900982
2024-04-17,0.1276190621512277,0.13545818114359798,0.13894325884984354,0.1381957818308021,0.0569473646079328,0.17713195155910721
2024-04-18,0.1276190621512277,0.1254980312419528,0.1311154775046,0.1381957818308021,0.07155681090192899,0.16814923225891254
2024-04-19,0.1333333424159458,0.13147412118293988,0.14872798553139793,0.12667947811866603,0.05008850225014552,0.18836035068435064
2024-04-22,0.15047622862316307,0.14741036102557226,0.1682974388945067,0.14587331763889283,0.03691613202243149,0.21081714893483738
2024-04-23,0.15047622862316307,0.15936254090754653,0.15851271221295232,0.15547023739900617,0.029650858995346873,0.19958874980959396
2024-04-24,0.14476190294538221,0.14940239100590125,0.1545988215403305,0.15547023739900617,0.031079002959007108,0.19509739015949668
2024-04-25,0.14476190294538221,0.15537848094688844,0.15655576687664147,0.1497120855429382,0.015351803267462386,0.19734306998454532
2024-04-26,0.14476190294538221,0.15737051092721743,0.15851271221295232,0.15355085344698355,0.014580416960474948,0.19958874980959396
2024-04-29,0.14285714285714285,0.15737051092721743,0.15851271221295232,0.15355085344698355,0.013559428007997209,0.19958874980959396
2024-04-30,0.14095238276890348,0.15537848094688844,0.15655576687664147,0.1516314694949608,0.014720849462808463,0.19734306998454532
2024-05-02,0.16190478915259948,0.1673306608288626,0.1722113762243856,0.15930900530305153,0.03299543519933228,0.21530856212616512
2024-05-03,0.17714286985851463,0.18326694816523603,0.1898238842511834,0.17658350663297878,0.05547828184058877,0.2355196805516031
2024-05-06,0.17714286985851463,0.18127491818490704,0.1761252668970073,0.18042227453702414,0.03489797305780113,0.2197999217762624
2024-05-07,0.16380954924083885,0.18127491818490704,0.18395304824225084,0.1785028905850014,0.01582694150415616,0.22878264107645707
2024-05-08,0.16000002906436012,0.1733067507698498,0.1682974388945067,0.17274473872893342,0.016858351243026138,0.21081714893483738
2024-05-09,0.14285714285714285,0.15537848094688844,0.15851271221295232,0.1573896213510289,0.022218109044101264,0.19958874980959396
2024-05-10,0.139047622680664,0.14940239100590125,0.14872798553139793,0.1516314694949608,0.016689137521133105,0.18836035068435064
